日期,单位净值,累积净值,日涨跌幅
2023-05-04,1.0,1.0,0.0
2023-05-05,0.9998,0.9998,-0.02
2023-05-12,0.9937,0.9937,0.0
2023-05-19,1.0414,1.0414,0.0
2023-05-22,1.0546,1.0546,1.27
2023-05-23,1.0442,1.0442,-0.99
2023-05-24,1.046,1.046,0.17
2023-05-25,1.0424,1.0424,-0.34
2023-05-26,1.0577,1.0577,1.47
2023-05-29,1.0505,1.0505,-0.68
2023-05-30,1.0465,1.0465,-0.38
2023-05-31,1.0529,1.0529,0.61
2023-06-01,1.0533,1.0533,0.04
2023-06-02,1.0541,1.0541,0.08
2023-06-05,1.0532,1.0532,-0.09
2023-06-06,1.0291,1.0291,-2.29
2023-06-07,1.0275,1.0275,-0.16
2023-06-08,1.0202,1.0202,-0.71
2023-06-09,1.0229,1.0229,0.26
2023-06-12,1.0403,1.0403,1.7
2023-06-13,1.0401,1.0401,-0.02
2023-06-14,1.0566,1.0566,1.59
2023-06-15,1.1375,1.1375,7.66
2023-06-16,1.1646,1.1646,2.38
2023-06-19,1.184,1.184,1.67
2023-06-20,1.2299,1.2299,3.88
2023-06-21,1.2213,1.2213,-0.7
2023-06-26,1.2015,1.2015,-1.62
2023-06-27,1.2022,1.2022,0.06
2023-06-28,1.2132,1.2132,0.91
2023-06-29,1.2419,1.2419,2.37
2023-06-30,1.2547,1.2547,1.03
2023-07-03,1.2035,1.2035,-4.08
2023-07-04,1.2182,1.2182,1.22
2023-07-05,1.1984,1.1984,-1.63
2023-07-06,1.2033,1.2033,0.41
2023-07-07,1.1797,1.1797,-1.96
2023-07-10,1.1499,1.1499,-2.53
2023-07-11,1.167,1.167,1.49
2023-07-12,1.1391,1.1391,-2.39
2023-07-13,1.1502,1.1502,0.97
2023-07-14,1.1555,1.1555,0.46
2023-07-17,1.1485,1.1485,-0.61
2023-07-18,1.1492,1.1492,0.06
2023-07-19,1.144,1.144,-0.45
2023-07-20,1.1187,1.1187,-2.21
2023-07-21,1.0958,1.0958,-2.05
2023-07-24,1.0879,1.0879,-0.72
2023-07-25,1.1073,1.1073,1.78
2023-07-26,1.0786,1.0786,-2.59
2023-07-27,1.0694,1.0694,-0.85
2023-07-28,1.0732,1.0732,0.36
2023-07-31,1.0881,1.0881,1.39
2023-08-01,1.0808,1.0808,-0.67
2023-08-02,1.1003,1.1003,1.8
2023-08-03,1.0919,1.0919,-0.76
2023-08-04,1.1198,1.1198,2.56
2023-08-07,1.1182,1.1182,-0.14
2023-08-08,1.1026,1.1026,-1.4
2023-08-09,1.0858,1.0858,-1.52
2023-08-10,1.0852,1.0852,-0.06
2023-08-11,1.069,1.069,-1.49
2023-08-14,1.0745,1.0745,0.51
2023-08-15,1.0656,1.0656,-0.83
2023-08-16,1.039,1.039,-2.5
2023-08-17,1.0921,1.0921,5.11
2023-08-18,1.0571,1.0571,-3.2
2023-08-21,1.0363,1.0363,-1.97
2023-08-22,1.0544,1.0544,1.75
2023-08-23,1.0453,1.0453,-0.86
2023-08-24,1.0439,1.0439,-0.13
2023-08-25,1.0103,1.0103,-3.22
2023-08-28,1.0061,1.0061,-0.42
2023-08-29,1.0894,1.0894,8.28
2023-08-30,1.1185,1.1185,2.67
2023-08-31,1.1182,1.1182,-0.03
2023-09-01,1.135,1.135,1.5
2023-09-04,1.1238,1.1238,-0.99
2023-09-05,1.1167,1.1167,-0.63
2023-09-06,1.112,1.112,-0.42
2023-09-07,1.0945,1.0945,-1.57
2023-09-08,1.1078,1.1078,1.22
2023-09-11,1.1111,1.1111,0.3
2023-09-12,1.1149,1.1149,0.34
2023-09-13,1.0869,1.0869,-2.51
2023-09-14,1.0713,1.0713,-1.44
2023-09-15,1.068,1.068,-0.31
2023-09-18,1.0828,1.0828,1.39
2023-09-19,1.0673,1.0673,-1.43
2023-09-20,1.0603,1.0603,-0.66
2023-09-21,1.052,1.052,-0.78
2023-09-22,1.083,1.083,2.95
2023-09-25,1.1019,1.1019,1.75
2023-09-26,1.1124,1.1124,0.95
2023-09-27,1.1132,1.1132,0.07
2023-09-28,1.1056,1.1056,-0.68
2023-10-09,1.1085,1.1085,0.26
2023-10-10,1.0866,1.0866,-1.98
2023-10-11,1.0964,1.0964,0.9
2023-10-12,1.0833,1.0833,-1.19
2023-10-13,1.0608,1.0608,-2.08
2023-10-16,1.06,1.06,-0.08
2023-10-17,1.0474,1.0474,-1.19
2023-10-18,1.0359,1.0359,-1.1
2023-10-19,1.0241,1.0241,-1.14
2023-10-20,1.0043,1.0043,-1.93
2023-10-23,0.983,0.983,-2.12
2023-10-24,0.9844,0.9844,0.14
2023-10-25,0.9975,0.9975,1.33
2023-10-26,1.0022,1.0022,0.47
2023-10-27,1.0109,1.0109,0.87
2023-10-30,1.0434,1.0434,3.21
2023-10-31,1.0267,1.0267,-1.6
2023-11-01,1.0216,1.0216,-0.5
2023-11-02,1.0027,1.0027,-1.85
2023-11-03,1.0489,1.0489,4.61
2023-11-06,1.0896,1.0896,3.88
2023-11-07,1.0936,1.0936,0.37
2023-11-08,1.0932,1.0932,-0.04
2023-11-09,1.0983,1.0983,0.47
2023-11-10,1.0947,1.0947,-0.33
2023-11-13,1.0996,1.0996,0.45
2023-11-14,1.1047,1.1047,0.46
2023-11-15,1.1218,1.1218,1.55
2023-11-16,1.1013,1.1013,-1.83
2023-11-17,1.1171,1.1171,1.43
2023-11-20,1.1443,1.1443,2.43
2023-11-21,1.1266,1.1266,-1.55
2023-11-22,1.0998,1.0998,-2.38
2023-11-23,1.1191,1.1191,1.75
2023-11-24,1.099,1.099,-1.8
2023-11-27,1.1029,1.1029,0.35
2023-11-28,1.1158,1.1158,1.17
2023-11-29,1.1172,1.1172,0.13
2023-11-30,1.1148,1.1148,-0.21
2023-12-01,1.1062,1.1062,-0.77
2023-12-04,1.0996,1.0996,-0.6
2023-12-05,1.0715,1.0715,-2.56
2023-12-06,1.0664,1.0664,-0.48
2023-12-07,1.0715,1.0715,0.48
2023-12-08,1.0785,1.0785,0.65
2023-12-11,1.1008,1.1008,2.07
2023-12-12,1.0912,1.0912,-0.87
2023-12-13,1.1078,1.1078,1.52
2023-12-14,1.0982,1.0982,-0.87
2023-12-15,1.0849,1.0849,-1.21
2023-12-18,1.0746,1.0746,-0.95
2023-12-19,1.085,1.085,0.97
2023-12-20,1.0652,1.0652,-1.82
2023-12-21,1.069,1.069,0.36
2023-12-22,1.0617,1.0617,-0.68
2023-12-25,1.0704,1.0704,0.82
2023-12-26,1.0428,1.0428,-2.58
2023-12-27,1.0472,1.0472,0.42
2023-12-28,1.0607,1.0607,1.29
2023-12-29,1.0857,1.0857,2.36
2023-12-31,1.0856,1.0856,-0.01
2024-01-02,1.0587,1.0587,-2.48
2024-01-03,1.034,1.034,-2.33
2024-01-04,1.0206,1.0206,-1.3
2024-01-05,1.0061,1.0061,-1.42
2024-01-08,0.9786,0.9786,-2.73
2024-01-09,0.9904,0.9904,1.21
2024-01-10,0.9764,0.9764,-1.41
2024-01-11,0.9915,0.9915,1.55
2024-01-12,0.9783,0.9783,-1.33
2024-01-15,0.9707,0.9707,-0.78
2024-01-16,0.9712,0.9712,0.05
2024-01-17,0.9372,0.9372,-3.5
2024-01-18,0.9463,0.9463,0.97
2024-01-19,0.9314,0.9314,-1.57
2024-01-22,0.8906,0.8906,-4.38
2024-01-23,0.9038,0.9038,1.48
2024-01-24,0.9042,0.9042,0.04
2024-01-25,0.9031,0.9031,-0.12
2024-01-26,0.8829,0.8829,-2.24
2024-01-29,0.8584,0.8584,-2.77
2024-01-30,0.8523,0.8523,-0.71
2024-01-31,0.8319,0.8319,-2.39
2024-02-01,0.8416,0.8416,1.17
2024-02-02,0.8187,0.8187,-2.72
2024-02-05,0.7897,0.7897,-3.54
2024-02-06,0.8347,0.8347,5.7
2024-02-07,0.8529,0.8529,2.18
2024-02-08,0.887,0.887,4.0
2024-02-19,0.887,0.887,0.0
2024-02-20,0.9051,0.9051,2.04
2024-02-21,0.9075,0.9075,0.27
2024-02-22,0.9235,0.9235,1.76
2024-02-23,0.9674,0.9674,4.75
2024-02-26,0.991,0.991,2.44
2024-02-27,1.0232,1.0232,3.25
2024-02-28,0.9529,0.9529,-6.87
2024-02-29,0.9982,0.9982,4.75
2024-03-01,1.0141,1.0141,1.59
2024-03-04,1.0293,1.0293,1.5
2024-03-05,1.0041,1.0041,-2.45
2024-03-06,1.0259,1.0259,2.17
2024-03-07,0.9997,0.9997,-2.55
2024-03-08,1.0124,1.0124,1.27
2024-03-11,1.0248,1.0248,1.22
2024-03-12,1.0399,1.0399,1.47
2024-03-13,1.048,1.048,0.78
2024-03-14,1.0468,1.0468,-0.11
2024-03-15,1.0749,1.0749,2.68
2024-03-18,1.0832,1.0832,0.77
2024-03-19,1.062,1.062,-1.96
2024-03-20,1.0546,1.0546,-0.7
2024-03-21,1.0478,1.0478,-0.64
2024-03-22,1.0434,1.0434,-0.42
2024-03-25,1.0083,1.0083,-3.36
2024-03-26,0.9959,0.9959,-1.23
2024-03-27,0.9561,0.9561,-4.0
2024-03-28,0.9951,0.9951,4.08
2024-03-29,0.9995,0.9995,0.44
2024-04-01,1.0126,1.0126,1.31
2024-04-02,0.9863,0.9863,-2.6
2024-04-03,0.9562,0.9562,-3.05
2024-04-08,0.9359,0.9359,-2.12
2024-04-09,0.9506,0.9506,1.57
2024-04-10,0.9328,0.9328,-1.87
2024-04-11,0.927,0.927,-0.62
2024-04-12,0.9138,0.9138,-1.42
2024-04-15,0.8979,0.8979,-1.74
2024-04-16,0.8528,0.8528,-5.02
2024-04-17,0.891,0.891,4.48
2024-04-18,0.9163,0.9163,2.84
2024-04-19,0.8969,0.8969,-2.12
2024-04-22,0.889,0.889,-0.88
2024-04-23,0.9293,0.9293,4.53
2024-04-24,0.951,0.951,2.34
2024-04-25,0.9424,0.9424,-0.9
2024-04-26,0.97,0.97,2.93
2024-04-29,0.9922,0.9922,2.29
2024-04-30,0.9793,0.9793,-1.3
2024-05-06,1.0016,1.0016,2.28
2024-05-07,1.0008,1.0008,-0.08
2024-05-08,0.9678,0.9678,-3.3
2024-05-09,0.971,0.971,0.33
2024-05-10,0.9527,0.9527,-1.88
2024-05-13,0.9284,0.9284,-2.55
2024-05-14,0.939,0.939,1.14
2024-05-15,0.9287,0.9287,-1.1
2024-05-16,0.9346,0.9346,0.64
2024-05-17,0.9521,0.9521,1.87
2024-05-20,0.9605,0.9605,0.88
2024-05-21,0.9406,0.9406,-2.07
2024-05-22,0.9598,0.9598,2.04
2024-05-23,0.945,0.945,-1.54
2024-05-24,0.9093,0.9093,-3.78
2024-05-27,0.9136,0.9136,0.47
2024-05-28,0.9071,0.9071,-0.71
2024-05-29,0.9069,0.9069,-0.02
2024-05-30,0.9256,0.9256,2.06
2024-05-31,0.9561,0.9561,3.3
2024-06-03,0.9707,0.9707,1.53
2024-06-04,0.9602,0.9602,-1.08
2024-06-05,0.9598,0.9598,-0.04
2024-06-06,0.9254,0.9254,-3.58
2024-06-07,0.9202,0.9202,-0.56
2024-06-11,0.9306,0.9306,1.13
2024-06-12,0.9403,0.9403,1.04
2024-06-13,0.9685,0.9685,3.0
2024-06-14,0.9196,0.9196,-5.05
2024-06-17,0.9056,0.9056,-1.52
2024-06-18,0.925,0.925,2.14
2024-06-19,0.9039,0.9039,-2.28
2024-06-20,0.8762,0.8762,-3.06
2024-06-21,0.8725,0.8725,-0.42
2024-06-24,0.8343,0.8343,-4.38
2024-06-25,0.8347,0.8347,0.05
2024-06-26,0.8485,0.8485,1.65
2024-06-27,0.8264,0.8264,-2.6
2024-06-28,0.8343,0.8343,0.96
2024-06-30,0.8343,0.8343,0.0
2024-07-01,0.8282,0.8282,-0.73
2024-07-02,0.8229,0.8229,-0.64
2024-07-03,0.8121,0.8121,-1.31
2024-07-04,0.8162,0.8162,0.5
2024-07-05,0.7992,0.7992,-2.08
2024-07-08,0.7715,0.7715,-3.47
2024-07-09,0.7957,0.7957,3.14
2024-07-10,0.7988,0.7988,0.39
2024-07-11,0.8153,0.8153,2.07
2024-07-12,0.8018,0.8018,-1.66
2024-07-15,0.7844,0.7844,-2.17
2024-07-16,0.7929,0.7929,1.08
2024-07-17,0.7716,0.7716,-2.69
2024-07-18,0.7692,0.7692,-0.31
2024-07-19,0.7763,0.7763,0.92
2024-07-22,0.7803,0.7803,0.52
2024-07-23,0.7569,0.7569,-3.0
2024-07-24,0.7333,0.7333,-3.12
2024-07-25,0.7295,0.7295,-0.52
2024-07-26,0.7483,0.7483,2.58
2024-07-29,0.7396,0.7396,-1.16
2024-07-30,0.7537,0.7537,1.91
2024-07-31,0.8107,0.8107,7.56
2024-08-01,0.8118,0.8118,0.14
2024-08-02,0.7868,0.7868,-3.08
2024-08-05,0.7724,0.7724,-1.83
2024-08-06,0.787,0.787,1.89
2024-08-07,0.783,0.783,-0.51
2024-08-08,0.7618,0.7618,-2.71
2024-08-09,0.7533,0.7533,-1.12
2024-08-12,0.7439,0.7439,-1.25
2024-08-13,0.7519,0.7519,1.08
2024-08-14,0.7498,0.7498,-0.28
2024-08-15,0.7724,0.7724,3.01
2024-08-16,0.7742,0.7742,0.23
2024-08-19,0.7601,0.7601,-1.82
2024-08-20,0.7542,0.7542,-0.78
2024-08-21,0.7505,0.7505,-0.49
2024-08-22,0.7182,0.7182,-4.3
2024-08-23,0.7102,0.7102,-1.11
2024-08-26,0.7078,0.7078,-0.34
2024-08-27,0.6949,0.6949,-1.82
2024-08-28,0.7079,0.7079,1.87
2024-08-29,0.7355,0.7355,3.9
2024-08-30,0.747,0.747,1.56
2024-09-02,0.7162,0.7162,-4.12
2024-09-03,0.7376,0.7376,2.99
2024-09-04,0.7405,0.7405,0.39
2024-09-05,0.7529,0.7529,1.67
2024-09-06,0.74,0.74,-1.71
2024-09-09,0.7396,0.7396,-0.05
2024-09-10,0.7453,0.7453,0.77
2024-09-11,0.7481,0.7481,0.38
2024-09-12,0.7342,0.7342,-1.86
2024-09-13,0.7191,0.7191,-2.06
2024-09-18,0.7223,0.7223,0.45
2024-09-19,0.7385,0.7385,2.24
2024-09-20,0.7308,0.7308,-1.04
2024-09-23,0.7233,0.7233,-1.03
2024-09-24,0.7603,0.7603,5.12
2024-09-25,0.7572,0.7572,-0.41
2024-09-26,0.8161,0.8161,7.78
2024-09-27,0.8617,0.8617,5.59
2024-09-30,0.9551,0.9551,10.84
2024-10-08,1.0594,1.0594,10.92
2024-10-09,0.9942,0.9942,-6.15
2024-10-10,0.9605,0.9605,-3.39
2024-10-11,0.8948,0.8948,-6.84
2024-10-14,0.9189,0.9189,2.69
2024-10-15,0.8984,0.8984,-2.23
2024-10-16,0.8931,0.8931,-0.59
2024-10-17,0.9011,0.9011,0.9
2024-10-18,0.9557,0.9557,6.06
2024-10-21,0.9562,0.9562,0.05
2024-10-22,0.9883,0.9883,3.36
2024-10-23,0.973,0.973,-1.55
2024-10-24,0.9734,0.9734,0.04
2024-10-25,0.9812,0.9812,0.8
2024-10-28,0.9871,0.9871,0.6
2024-10-29,0.9768,0.9768,-1.04
2024-10-30,0.9746,0.9746,-0.23
2024-10-31,0.9807,0.9807,0.63
2024-11-01,0.9551,0.9551,-2.61
2024-11-04,1.0325,1.0325,8.1
2024-11-05,1.0637,1.0637,3.02
2024-11-06,1.093,1.093,2.75
2024-11-07,1.0819,1.0819,-1.02
2024-11-08,1.0906,1.0906,0.8
2024-11-11,1.1629,1.1629,6.63
2024-11-12,1.1427,1.1427,-1.74
2024-11-13,1.1483,1.1483,0.49
2024-11-14,1.1215,1.1215,-2.33
2024-11-15,1.0719,1.0719,-4.42
2024-11-18,1.0376,1.0376,-3.2
2024-11-19,1.1043,1.1043,6.43
2024-11-20,1.1449,1.1449,3.68
2024-11-21,1.1277,1.1277,-1.5
2024-11-22,1.1002,1.1002,-2.44
2024-11-25,1.1216,1.1216,1.95
2024-11-26,1.0648,1.0648,-5.06
2024-11-27,1.0878,1.0878,2.16
2024-11-28,1.0695,1.0695,-1.68
2024-11-29,1.162,1.162,8.65
2024-12-02,1.2258,1.2258,5.49
2024-12-03,1.2352,1.2352,0.77
2024-12-04,1.2664,1.2664,2.53
2024-12-05,1.324,1.324,4.55
2024-12-06,1.3119,1.3119,-0.91
2024-12-09,1.3468,1.3468,2.66
2024-12-10,1.4036,1.4036,4.22
2024-12-11,1.3883,1.3883,-1.09
2024-12-12,1.3631,1.3631,-1.82
2024-12-13,1.329,1.329,-2.5
2024-12-16,1.3147,1.3147,-1.08
2024-12-17,1.2572,1.2572,-4.37
2024-12-18,1.2643,1.2643,0.56
2024-12-19,1.2639,1.2639,-0.03
2024-12-20,1.3142,1.3142,3.98
2024-12-23,1.2596,1.2596,-4.15
2024-12-24,1.302,1.302,3.37
2024-12-25,1.306,1.306,0.31
2024-12-26,1.3505,1.3505,3.41
2024-12-27,1.3198,1.3198,-2.27
2024-12-30,1.297,1.297,-1.73
2024-12-31,1.2568,1.2568,-3.1
2025-01-02,1.2592,1.2592,0.19
2025-01-03,1.1862,1.1862,-5.8
2025-01-06,1.1709,1.1709,-1.29
2025-01-07,1.207,1.207,3.08
2025-01-08,1.2637,1.2637,4.7
2025-01-09,1.3483,1.3483,6.69
2025-01-10,1.4083,1.4083,4.45
2025-01-13,1.4123,1.4123,0.28
2025-01-14,1.5328,1.5328,8.53
2025-01-15,1.5435,1.5435,0.7
2025-01-16,1.5286,1.5286,-0.97
2025-01-17,1.5238,1.5238,-0.31
2025-01-20,1.5454,1.5454,1.42
2025-01-21,1.6515,1.6515,6.87
2025-01-22,1.635,1.635,-1.0
2025-01-23,1.6464,1.6464,0.7
2025-01-24,1.7199,1.7199,4.46
2025-01-27,1.6592,1.6592,-3.53
2025-02-05,1.7115,1.7115,3.15
2025-02-06,1.8276,1.8276,6.78
2025-02-07,1.8293,1.8293,0.09
2025-02-10,1.8264,1.8264,-0.16
2025-02-11,1.84,1.84,0.74
2025-02-12,1.854,1.854,0.76
2025-02-13,1.7929,1.7929,-3.3
2025-02-14,1.7624,1.7624,-1.7
2025-02-17,1.8534,1.8534,5.16
2025-02-18,1.8326,1.8326,-1.12
2025-02-19,1.9916,1.9916,8.68
2025-02-20,2.0367,2.0367,2.26
2025-02-21,2.0964,2.0964,2.93
2025-02-24,2.0741,2.0741,-1.06
2025-02-25,2.0953,2.0953,1.02
2025-02-26,2.1386,2.1386,2.07
2025-02-27,2.1307,2.1307,-0.37
2025-02-28,1.9699,1.9699,-7.55
2025-03-03,1.939,1.939,-1.57
2025-03-04,2.0071,2.0071,3.51
2025-03-05,2.0785,2.0785,3.56
2025-03-06,2.1036,2.1036,1.21
2025-03-07,2.1501,2.1501,2.21
2025-03-10,2.1204,2.1204,-1.38
2025-03-11,2.0958,2.0958,-1.16
2025-03-12,2.115,2.115,0.92
2025-03-13,1.9905,1.9905,-5.89
2025-03-14,2.0663,2.0663,3.81
2025-03-17,2.1007,2.1007,1.66
2025-03-18,2.1106,2.1106,0.47
2025-03-19,2.1303,2.1303,0.93
2025-03-20,2.1176,2.1176,-0.6
2025-03-21,2.0162,2.0162,-4.79
2025-03-24,2.0267,2.0267,0.52
2025-03-25,1.9736,1.9736,-2.62
2025-03-26,2.016,2.016,2.15
2025-03-27,1.9981,1.9981,-0.89
2025-03-28,1.9727,1.9727,-1.27
2025-03-31,1.9124,1.9124,-3.06
2025-04-01,1.88,1.88,-1.69
2025-04-02,1.93,1.93,2.66
2025-04-03,1.8688,1.8688,-3.17
2025-04-07,1.6195,1.6195,-13.34
2025-04-08,1.5137,1.5137,-6.53
2025-04-09,1.5483,1.5483,2.29
2025-04-10,1.629,1.629,5.21
2025-04-11,1.6902,1.6902,3.76
2025-04-14,1.7255,1.7255,2.09
2025-04-15,1.7433,1.7433,1.03
2025-04-16,1.7067,1.7067,-2.1
2025-04-17,1.6922,1.6922,-0.85
2025-04-18,1.6754,1.6754,-0.99
2025-04-21,1.7641,1.7641,5.29
2025-04-22,1.7342,1.7342,-1.69
2025-04-23,1.8772,1.8772,8.25
2025-04-24,1.8857,1.8857,0.45
2025-04-25,1.8972,1.8972,0.61
2025-04-28,1.8606,1.8606,-1.93
2025-04-29,1.9022,1.9022,2.24
2025-04-30,1.979,1.979,4.04
2025-05-06,2.0201,2.0201,2.08
2025-05-07,2.0046,2.0046,-0.77
2025-05-08,2.0247,2.0247,1.0
2025-05-09,1.9604,1.9604,-3.18
2025-05-12,2.0331,2.0331,3.71
2025-05-13,2.0047,2.0047,-1.4
2025-05-14,1.9757,1.9757,-1.45
2025-05-15,1.9429,1.9429,-1.66
2025-05-16,1.983,1.983,2.06
2025-05-19,1.939,1.939,-2.22
2025-05-20,1.9294,1.9294,-0.5
2025-05-21,1.915,1.915,-0.75
2025-05-22,1.8902,1.8902,-1.3
2025-05-23,1.8992,1.8992,0.48
2025-05-26,1.8877,1.8877,-0.61
2025-05-27,1.8717,1.8717,-0.85
2025-05-28,1.8762,1.8762,0.24
2025-05-29,1.87,1.87,-0.33
2025-05-30,1.8098,1.8098,-3.22
2025-06-03,1.806,1.806,-0.21
2025-06-04,1.8303,1.8303,1.35
2025-06-05,1.8653,1.8653,1.91
2025-06-06,1.8291,1.8291,-1.94
2025-06-09,1.8194,1.8194,-0.53
2025-06-10,1.7711,1.7711,-2.65
2025-06-11,1.7865,1.7865,0.87
2025-06-12,1.8053,1.8053,1.05
2025-06-13,1.7632,1.7632,-2.33
2025-06-16,1.764,1.764,0.05
2025-06-17,1.7486,1.7486,-0.87
2025-06-18,1.7699,1.7699,1.22
2025-06-19,1.7443,1.7443,-1.45
2025-06-20,1.6753,1.6753,-3.96
2025-06-23,1.6814,1.6814,0.36
2025-06-24,1.7872,1.7872,6.29
2025-06-25,1.8229,1.8229,2.0
2025-06-26,1.8092,1.8092,-0.75
2025-06-27,1.7964,1.7964,-0.71
2025-06-30,1.8348,1.8348,2.14
2025-07-01,1.8216,1.8216,-0.72
2025-07-02,1.7819,1.7819,-2.18
2025-07-03,1.7801,1.7801,-0.1
2025-07-04,1.7493,1.7493,-1.73
2025-07-07,1.7248,1.7248,-1.4
2025-07-08,1.7516,1.7516,1.55
2025-07-09,1.7406,1.7406,-0.63
2025-07-10,1.712,1.712,-1.64
2025-07-11,1.7456,1.7456,1.96
2025-07-14,1.8081,1.8081,3.58
2025-07-15,1.8208,1.8208,0.7
2025-07-16,1.9,1.9,4.35
2025-07-17,1.9379,1.9379,1.99
2025-07-18,1.9189,1.9189,-0.98
2025-07-21,1.9508,1.9508,1.66
2025-07-22,1.9188,1.9188,-1.64
2025-07-23,1.9296,1.9296,0.56
2025-07-24,1.9379,1.9379,0.43
2025-07-25,1.9411,1.9411,0.17
2025-07-28,1.9417,1.9417,0.03
2025-07-29,1.9382,1.9382,-0.18
2025-07-30,1.892,1.892,-2.38
2025-07-31,1.8955,1.8955,0.18
2025-08-01,1.877,1.877,-0.98
2025-08-04,1.9568,1.9568,4.25
2025-08-05,1.9814,1.9814,1.26
2025-08-06,2.0545,2.0545,3.69
2025-08-07,2.035,2.035,-0.95
2025-08-08,2.0107,2.0107,-1.19
2025-08-11,2.0169,2.0169,0.31
2025-08-12,2.0222,2.0222,0.26
2025-08-13,2.0479,2.0479,1.27
2025-08-14,2.0082,2.0082,-1.94
2025-08-15,2.0718,2.0718,3.17
2025-08-18,2.0996,2.0996,1.34
2025-08-19,2.1814,2.1814,3.9
2025-08-20,2.1651,2.1651,-0.75
2025-08-21,2.1212,2.1212,-2.03
2025-08-22,2.1637,2.1637,2.0
2025-08-25,2.214,2.214,2.32
2025-08-26,2.1708,2.1708,-1.95
2025-08-27,2.1355,2.1355,-1.63
2025-08-28,2.1151,2.1151,-0.96
2025-08-29,2.1638,2.1638,2.3
2025-09-01,2.1554,2.1554,-0.39
2025-09-02,2.2395,2.2395,3.9
2025-09-03,2.1909,2.1909,-2.17
2025-09-04,2.0827,2.0827,-4.94
2025-09-05,2.1571,2.1571,3.57
2025-09-08,2.2701,2.2701,5.24
2025-09-09,2.2768,2.2768,0.3
2025-09-10,2.2542,2.2542,-0.99
2025-09-11,2.316,2.316,2.74
2025-09-12,2.2768,2.2768,-1.69
2025-09-15,2.3068,2.3068,1.32
2025-09-16,2.484,2.484,7.68
2025-09-17,2.5397,2.5397,2.24
2025-09-18,2.5463,2.5463,0.26
2025-09-19,2.4641,2.4641,-3.23
2025-09-22,2.5367,2.5367,2.95
2025-09-23,2.5442,2.5442,0.3
2025-09-24,2.5722,2.5722,1.1
2025-09-25,2.5588,2.5588,-0.52
2025-09-26,2.4842,2.4842,-2.92
2025-09-29,2.5559,2.5559,2.89
2025-09-30,2.5347,2.5347,-0.83
2025-10-09,2.492,2.492,-1.68
2025-10-10,2.4226,2.4226,-2.78
2025-10-13,2.3247,2.3247,-4.04
2025-10-14,2.2088,2.2088,-4.99
2025-10-15,2.3049,2.3049,4.35
2025-10-16,2.2515,2.2515,-2.32
2025-10-17,2.1646,2.1646,-3.86
2025-10-20,2.2232,2.2232,2.71
2025-10-21,2.2544,2.2544,1.4
2025-10-22,2.2449,2.2449,-0.42
2025-10-23,2.2045,2.2045,-1.8
2025-10-24,2.2865,2.2865,3.72
2025-10-27,2.3081,2.3081,0.94
2025-10-28,2.3251,2.3251,0.74
2025-10-29,2.3498,2.3498,1.06
2025-10-30,2.2819,2.2819,-2.89
2025-10-31,2.3355,2.3355,2.35
2025-11-03,2.3106,2.3106,-1.07
2025-11-04,2.2198,2.2198,-3.93
2025-11-05,2.2255,2.2255,0.26
2025-11-06,2.3093,2.3093,3.77
2025-11-07,2.2275,2.2275,-3.54
2025-11-10,2.1534,2.1534,-3.33
2025-11-11,2.1422,2.1422,-0.52
2025-11-12,2.1001,2.1001,-1.97
2025-11-13,2.0949,2.0949,-0.25
2025-11-14,2.0643,2.0643,-1.46
2025-11-17,2.081,2.081,0.81
2025-11-18,2.0552,2.0552,-1.24
2025-11-19,2.0374,2.0374,-0.87
2025-11-20,2.01,2.01,-1.34
2025-11-21,2.02,2.02,0.5
2025-11-24,2.0312,2.0312,0.55
2025-11-25,2.0498,2.0498,0.92
2025-11-26,2.1004,2.1004,2.47
2025-11-27,2.1035,2.1035,0.15
2025-11-28,2.1297,2.1297,1.25
2025-12-01,2.1643,2.1643,1.62
2025-12-02,2.1201,2.1201,-2.04
2025-12-03,2.106,2.106,-0.67
2025-12-04,2.1592,2.1592,2.53
2025-12-05,2.2142,2.2142,2.55
2025-12-08,2.2422,2.2422,1.26
2025-12-09,2.2208,2.2208,-0.95
2025-12-10,2.2445,2.2445,1.07
2025-12-11,2.201,2.201,-1.94
2025-12-12,2.1862,2.1862,-0.67
2025-12-15,2.1209,2.1209,-2.99
2025-12-16,2.08,2.08,-1.93
2025-12-17,2.1251,2.1251,2.17
2025-12-18,2.0931,2.0931,-1.51
2025-12-19,2.1066,2.1066,0.64
2025-12-22,2.1374,2.1374,1.46
2025-12-23,2.1134,2.1134,-1.12
2025-12-24,2.1297,2.1297,0.77
2025-12-25,2.2234,2.2234,4.4
2025-12-26,2.2168,2.2168,-0.3
